<?xml version="1.0" encoding="UTF-8" standalone="yes"?>
<FilterTemplate publishVersion="0" objectVersion="0" id="Fortify-Priority-Project-Template" disableEdit="false" version="1.1">
    <Name>Priority Project Template</Name>
    <Description>Project Template for High Risk Projects</Description>
    <FolderDefinition color="ca3f37" id="b968f72f-cc12-03b5-976e-ad4c13920c21">
        <name>Critical</name>
        <description>This folder provides a comprehensive list of issues in the application with a high impact and high likelihood.</description>
    </FolderDefinition>
    <FolderDefinition color="ff8c00" id="5b50bb77-071d-08ed-fdba-1213fa90ac5a">
        <name>High</name>
        <description>This folder provides a comprehensive list of issues in the application with a high impact and low likelihood.</description>
    </FolderDefinition>
    <FolderDefinition color="ffc800" id="d5f55910-5f0d-a775-e91f-191d1f5608a4">
        <name>Medium</name>
        <description>This folder provides a comprehensive list of issues in the application with a low impact and high likelihood.</description>
    </FolderDefinition>
    <FolderDefinition color="dbb604" id="bb824e8d-b401-40be-13bd-5d156696a685">
        <name>Low</name>
        <description>This folder provides a comprehensive list of issues in the application with a low impact and low likelihood.</description>
    </FolderDefinition>
    <DefaultFolder folderID="bb824e8d-b401-40be-13bd-5d156696a685"/>
    <TagDefinition hidden="false" extensible="false" type="user" id="87f2364f-dcd4-49e6-861d-f8d3f351686b">
        <name>Analysis</name>
        <Description>The analysis tag must be set for an issue to be counted as 'Audited.' This is encouraged to be the final action performed by an auditor.</Description>
        <value hidden="false" id="0">Not an Issue</value>
        <value hidden="false" id="1">Reliability Issue</value>
        <value hidden="false" id="2">Bad Practice</value>
        <value hidden="false" id="3">Suspicious</value>
        <value hidden="false" id="4">Exploitable</value>
    </TagDefinition>
    <PrimaryTag>
        <primaryTagGUID>87f2364f-dcd4-49e6-861d-f8d3f351686b</primaryTagGUID>
        <neutralWeight>0</neutralWeight>
        <openRange>(2,5]</openRange>
        <naiRange>[0,2]</naiRange>
    </PrimaryTag>
    <FilterSet disableEdit="false" enabled="true" id="a243b195-0a59-3f8b-1403-d55b7a7d78e6" type="user">
        <Title>Security Auditor View</Title>
        <Description>This setting provides the static code analyzer with the most comprehensive set of rules.  It should be used to discover a broad set of security issues to be audited.  Fortify assigns issues impact, accuracy, probability, and confidence values, which are used to calculate priority.  These filters sort issues into four folders based on their priority: Critical, High, Medium, and Low.</Description>
        <EnabledFolders>b968f72f-cc12-03b5-976e-ad4c13920c21</EnabledFolders>
        <EnabledFolders>5b50bb77-071d-08ed-fdba-1213fa90ac5a</EnabledFolders>
        <EnabledFolders>d5f55910-5f0d-a775-e91f-191d1f5608a4</EnabledFolders>
        <EnabledFolders>bb824e8d-b401-40be-13bd-5d156696a685</EnabledFolders>
        <Filter>
            <actionParam>b968f72f-cc12-03b5-976e-ad4c13920c21</actionParam>
            <query>[fortify priority order]:critical</query>
            <action>setFolder</action>
        </Filter>
        <Filter>
            <actionParam>5b50bb77-071d-08ed-fdba-1213fa90ac5a</actionParam>
            <query>[fortify priority order]:high</query>
            <action>setFolder</action>
        </Filter>
        <Filter>
            <actionParam>d5f55910-5f0d-a775-e91f-191d1f5608a4</actionParam>
            <query>[fortify priority order]:medium</query>
            <action>setFolder</action>
        </Filter>
        <Filter>
            <actionParam>bb824e8d-b401-40be-13bd-5d156696a685</actionParam>
            <query>[fortify priority order]:low</query>
            <action>setFolder</action>
        </Filter>
    </FilterSet>
    <FilterSet disableEdit="false" enabled="false" id="babb745a-375a-32fd-adfc-b9d14feef22d" type="user">
        <Title>Developer View</Title>
        <Description>This setting provides the static code analyzer with rules that strike a balance between producing results that detail all potential issues and a targeted set of possible vulnerabilities.  Fortify assigns issues impact, accuracy, probability, and confidence values, which are used to calculate priority.  These filters sort issues into four folders based on their priority: Critical, High, Medium, and Low.</Description>
        <EnabledFolders>b968f72f-cc12-03b5-976e-ad4c13920c21</EnabledFolders>
        <EnabledFolders>5b50bb77-071d-08ed-fdba-1213fa90ac5a</EnabledFolders>
        <EnabledFolders>d5f55910-5f0d-a775-e91f-191d1f5608a4</EnabledFolders>
        <EnabledFolders>bb824e8d-b401-40be-13bd-5d156696a685</EnabledFolders>
        <Filter>
            <actionParam>b968f72f-cc12-03b5-976e-ad4c13920c21</actionParam>
            <query>[fortify priority order]:critical</query>
            <action>setFolder</action>
        </Filter>
        <Filter>
            <actionParam>5b50bb77-071d-08ed-fdba-1213fa90ac5a</actionParam>
            <query>[fortify priority order]:high</query>
            <action>setFolder</action>
        </Filter>
        <Filter>
            <actionParam>d5f55910-5f0d-a775-e91f-191d1f5608a4</actionParam>
            <query>[fortify priority order]:medium</query>
            <action>setFolder</action>
        </Filter>
        <Filter>
            <actionParam>bb824e8d-b401-40be-13bd-5d156696a685</actionParam>
            <query>[fortify priority order]:low</query>
            <action>setFolder</action>
        </Filter>
        <Filter>
            <actionParam>true</actionParam>
            <query>audience:!medium</query>
            <action>hide</action>
        </Filter>
    </FilterSet>
    <FilterSet disableEdit="false" enabled="false" id="76855ff8-6afc-3735-52ca-efa42a60e3d4" type="user">
        <Title>Critical Exposure</Title>
        <Description>This setting provides the static code analyzer with rules within categories that have been proven to be high priority issues across multiple industries and within a variety of environments.  They should be used to discover a limited set of well-known, critical security issues.  Fortify assigns issues impact, accuracy, probability, and confidence values, which are used to calculate priority.  These filters sort issues into four folders based on their priority: Critical, High, Medium, and Low.</Description>
        <EnabledFolders>b968f72f-cc12-03b5-976e-ad4c13920c21</EnabledFolders>
        <EnabledFolders>5b50bb77-071d-08ed-fdba-1213fa90ac5a</EnabledFolders>
        <EnabledFolders>d5f55910-5f0d-a775-e91f-191d1f5608a4</EnabledFolders>
        <EnabledFolders>bb824e8d-b401-40be-13bd-5d156696a685</EnabledFolders>
        <Filter>
            <actionParam>b968f72f-cc12-03b5-976e-ad4c13920c21</actionParam>
            <query>[fortify priority order]:critical</query>
            <action>setFolder</action>
        </Filter>
        <Filter>
            <actionParam>5b50bb77-071d-08ed-fdba-1213fa90ac5a</actionParam>
            <query>[fortify priority order]:high</query>
            <action>setFolder</action>
        </Filter>
        <Filter>
            <actionParam>d5f55910-5f0d-a775-e91f-191d1f5608a4</actionParam>
            <query>[fortify priority order]:medium</query>
            <action>setFolder</action>
        </Filter>
        <Filter>
            <actionParam>bb824e8d-b401-40be-13bd-5d156696a685</actionParam>
            <query>[fortify priority order]:low</query>
            <action>setFolder</action>
        </Filter>
        <Filter>
            <actionParam>true</actionParam>
            <query>audience:!targeted</query>
            <action>hide</action>
        </Filter>
    </FilterSet>
</FilterTemplate>
